Full Name,Contact Email,Mobile Phone,Company Name,Deal Value,Status,Department
Eleanor Vance,eleanor.vance@vanguardtech.io,+15550191,Vanguard Tech,125000,HOT,Enterprise Software
Marcus Brody,marcus.b@heritagecorp.com,+15550192,Heritage Corp,45000,WARM,Operations
Sophia Chen,sophia.chen@nexusai.dev,+15550193,Nexus AI Labs,85000,QUALIFIED,Research & AI
David Miller,david.m@apexfinancial.com,+15550194,Apex Financial,210000,PROPOSAL,Finance & Strategy
Amara Okafor,amara.o@solarenergy.org,+15550195,Solaris Energy,60000,NEW,Clean Tech
Lucas Sterling,lucas@sterlingconsulting.co,+15550196,Sterling Consulting,35000,COLD,Business Ops
Isabella Rossi,isabella.r@milano-design.it,+15550197,Milano Design,95000,NEGOTIATION,Product Design
Julian Thorne,julian.t@biogenetics.io,+15550198,BioGenetics Corp,180000,HOT,R&D
Clara Oswald,clara.o@tardis-sys.co.uk,+15550199,Tardis Systems,50000,WARM,Engineering
Gabriel Santos,gabriel@rio-logistics.br,+15550200,Rio Logistics,72000,NEW,Supply Chain
Hannah Abbott,hannah.a@huffle-organics.com,+15550201,Huffle Organics,28000,CLOSED,Procurement
Vikram Patel,vikram.patel@mumbai-tech.in,+15550202,Mumbai Tech Labs,110000,PROPOSAL,Cloud Infrastructure
